Name,Address,Rating,Website,Latitude,Longitude
The Night Owl Food Truck,"South and, S Meridian St, Indianapolis",5.0,N/A,39.76168620000001,-86.15793029999999
ClusterTruck,"729 N Pennsylvania St, Indianapolis",4.8,N/A,39.7775861,-86.1556021
El Amigo Taqueria Food Truck,"3356 W 16th St, Indianapolis",4.3,N/A,39.7882877,-86.2153062
3 Marias Mex Food Truck,"3205 E Washington St, Indianapolis",0.0,N/A,39.768243,-86.1100464
FELIX TACOS TRUCK,"3145 W Washington St, Indianapolis",4.5,N/A,39.764207,-86.211581
Tha Corn Man,"2442 Central Ave, Indianapolis",3.8,N/A,39.8024795,-86.1499178
Tortas Guicho Food Truck,"S. East St and, Fletcher Ave, Indianapolis",4.5,N/A,39.7615103,-86.14899989999999
T'Days Jerk,"36 E Troy Ave, Indianapolis",4.4,N/A,39.7226507,-86.1574742
Taqueria Mi Costa,"1430 W Washington St, Indianapolis",4.3,N/A,39.7675957,-86.1866221
The Grub House,"1953 N College Ave, Indianapolis",4.1,N/A,39.7937191,-86.1445346
Dogs to Go by Uncle Zo,"3376 W 10th St and, N Tibbs Ave, Indianapolis",4.3,N/A,39.7805216,-86.2160182
Taqueria El Taco Loco,"2705 W Washington St, Indianapolis",4.4,N/A,39.765164,-86.2055204
